,Article Title,Author
0,"Hertz places an order for 100,000 Tesla vehicles.",By Niraj Chokshi
1,The New Billionaire Tax in Democrats’ Sights,"By Andrew Ross Sorkin, Sarah Kessler, Stephen Gandel, Michael J. de la Merced, Lauren Hirsch and Ephrat Livni"
2,The Facebook Papers and their fallout.,By The New York Times
3,Facebook Wrestles With the Features It Used to Define Social Networking,By Mike Isaac
4,"Frances Haugen, the Facebook whistle-blower, testifies in Parliament.",By Adam Satariano
5,Are Vaccine Boosters Widely Needed? Some Federal Advisers Have Misgivings.,By Apoorva Mandavilli
6,The World ‘Has Found a Way to Do This’: The U.S. Lags on Paid Leave,By Claire Cain Miller
7,PayPal says it isn’t interested in pursuing Pinterest.,By Michael J. de la Merced
8,The Week in Business: A Consumer Internet Deal,By Sarah Kessler
9,I Was Hacked. The Spyware Used Against Me Makes Us All Vulnerable.,By Ben Hubbard
